Workbook

Sheet Mode d'emploi
A1: Mode d'emploi
A3: Objet :
A4: Analyse des Modes de Défaillance, de leurs Effets et de leur Criticité.
A5: Saisie (onglet AMDEC) :
A6: 1. Une ligne par couple mode de défaillance / cause.
A7: 2. Coter G, O, D de 1 à 10 selon l'onglet Barèmes (saisie contrôlée).
A8: 3. Criticité = G × O × D (calculée, colorée selon l'onglet Seuils).
A9: 4. Pour toute criticité orange/rouge, définir une action, un responsable, une échéance.
A10: 5. Après mise en œuvre, recoter G', O', D' : la criticité résiduelle et le gain se calculent.
A11: Lecture :
A12: Onglet Synthèse : répartition avant/après, réduction globale, critiques sans action.
A13: Rappel :
A14: La gravité G ne baisse en général que par une modification de conception.

Sheet AMDEC
A1: Fiche AMDEC – [Produit / Processus]
A2: Seuils : criticité < [Seuils!B3] acceptable ; < [Seuils!B4] à surveiller ; au-delà action obligatoire.
A3: N° | B3: Élément / Fonction | C3: Mode de défaillance | D3: Effet | E3: Cause | F3: Détection actuelle | G3: G | H3: O | I3: D | J3: Criticité (C=G×O×D) | K3: Action corrective | L3: Responsable | M3: Échéance | N3: G' | O3: O' | P3: D' | Q3: Criticité résiduelle | R3: Gain
A4: 1 | B4: [Pompe] | C4: [Ne démarre pas] | D4: [Arrêt ligne] | E4: [Défaut alimentation] | F4: [Contrôle visuel] | G4: 8 | H4: 4 | I4: 5 | J4: =IF(COUNT(G4:I4)=3,G4*H4*I4,"") | K4: [Ajout capteur de courant] | L4: [Nom] | M4: [JJ/MM] | N4: 8 | O4: 2 | P4: 2 | Q4: =IF(COUNT(N4:P4)=3,N4*O4*P4,"") | R4: =IF(AND(ISNUMBER(J4),ISNUMBER(Q4),J4>0),(J4-Q4)/J4,"")
A5: 2 | B5: [Joint] | C5: [Fuite] | D5: [Perte de fluide] | E5: [Usure] | F5: [Inspection mensuelle] | G5: 5 | H5: 3 | I5: 3 | J5: =IF(COUNT(G5:I5)=3,G5*H5*I5,"") | Q5: =IF(COUNT(N5:P5)=3,N5*O5*P5,"") | R5: =IF(AND(ISNUMBER(J5),ISNUMBER(Q5),J5>0),(J5-Q5)/J5,"")
J6: =IF(COUNT(G6:I6)=3,G6*H6*I6,"") | Q6: =IF(COUNT(N6:P6)=3,N6*O6*P6,"") | R6: =IF(AND(ISNUMBER(J6),ISNUMBER(Q6),J6>0),(J6-Q6)/J6,"")
J7: =IF(COUNT(G7:I7)=3,G7*H7*I7,"") | Q7: =IF(COUNT(N7:P7)=3,N7*O7*P7,"") | R7: =IF(AND(ISNUMBER(J7),ISNUMBER(Q7),J7>0),(J7-Q7)/J7,"")
J8: =IF(COUNT(G8:I8)=3,G8*H8*I8,"") | Q8: =IF(COUNT(N8:P8)=3,N8*O8*P8,"") | R8: =IF(AND(ISNUMBER(J8),ISNUMBER(Q8),J8>0),(J8-Q8)/J8,"")
J9: =IF(COUNT(G9:I9)=3,G9*H9*I9,"") | Q9: =IF(COUNT(N9:P9)=3,N9*O9*P9,"") | R9: =IF(AND(ISNUMBER(J9),ISNUMBER(Q9),J9>0),(J9-Q9)/J9,"")
J10: =IF(COUNT(G10:I10)=3,G10*H10*I10,"") | Q10: =IF(COUNT(N10:P10)=3,N10*O10*P10,"") | R10: =IF(AND(ISNUMBER(J10),ISNUMBER(Q10),J10>0),(J10-Q10)/J10,"")
J11: =IF(COUNT(G11:I11)=3,G11*H11*I11,"") | Q11: =IF(COUNT(N11:P11)=3,N11*O11*P11,"") | R11: =IF(AND(ISNUMBER(J11),ISNUMBER(Q11),J11>0),(J11-Q11)/J11,"")
J12: =IF(COUNT(G12:I12)=3,G12*H12*I12,"") | Q12: =IF(COUNT(N12:P12)=3,N12*O12*P12,"") | R12: =IF(AND(ISNUMBER(J12),ISNUMBER(Q12),J12>0),(J12-Q12)/J12,"")
J13: =IF(COUNT(G13:I13)=3,G13*H13*I13,"") | Q13: =IF(COUNT(N13:P13)=3,N13*O13*P13,"") | R13: =IF(AND(ISNUMBER(J13),ISNUMBER(Q13),J13>0),(J13-Q13)/J13,"")
J14: =IF(COUNT(G14:I14)=3,G14*H14*I14,"") | Q14: =IF(COUNT(N14:P14)=3,N14*O14*P14,"") | R14: =IF(AND(ISNUMBER(J14),ISNUMBER(Q14),J14>0),(J14-Q14)/J14,"")
J15: =IF(COUNT(G15:I15)=3,G15*H15*I15,"") | Q15: =IF(COUNT(N15:P15)=3,N15*O15*P15,"") | R15: =IF(AND(ISNUMBER(J15),ISNUMBER(Q15),J15>0),(J15-Q15)/J15,"")
J16: =IF(COUNT(G16:I16)=3,G16*H16*I16,"") | Q16: =IF(COUNT(N16:P16)=3,N16*O16*P16,"") | R16: =IF(AND(ISNUMBER(J16),ISNUMBER(Q16),J16>0),(J16-Q16)/J16,"")
J17: =IF(COUNT(G17:I17)=3,G17*H17*I17,"") | Q17: =IF(COUNT(N17:P17)=3,N17*O17*P17,"") | R17: =IF(AND(ISNUMBER(J17),ISNUMBER(Q17),J17>0),(J17-Q17)/J17,"")
... J103: =IF(COUNT(G103:I103)=3,G103*H103*I103,"") | Q103: =IF(COUNT(N103:P103)=3,N103*O103*P103,"") | R103: =IF(AND(ISNUMBER(J103),ISNUMBER(Q103),J103>0),(J103-Q103)/J103,"")

Sheet Barèmes
A1: Barèmes de cotation (1 à 10)
A3: Note | B3: Gravité (G) | C3: Occurrence (O) | D3: Détection (D)
A4: 1 | B4: Sans effet perceptible | C4: Quasi impossible (< 1/1 000 000) | D4: Détection certaine
A5: 2 | B5: Effet très mineur | C5: Très rare | D5: Détection quasi certaine
A6: 3 | B6: Effet mineur, gêne légère | C6: Rare | D6: Très forte probabilité de détection
A7: 4 | B7: Gêne notable, sans perte de fonction | C7: Peu fréquent | D7: Forte probabilité
A8: 5 | B8: Dégradation partielle de fonction | C8: Occasionnel | D8: Probabilité modérée
A9: 6 | B9: Perte partielle de fonction | C9: Assez fréquent | D9: Faible probabilité
A10: 7 | B10: Perte de fonction principale | C10: Fréquent | D10: Très faible probabilité
A11: 8 | B11: Arrêt majeur, client très insatisfait | C11: Très fréquent | D11: Détection improbable
A12: 9 | B12: Risque sécurité / non-conformité, avec alerte | C12: Quasi systématique | D12: Détection très improbable
A13: 10 | B13: Risque sécurité / réglementaire sans alerte | C13: Certain (> 1/2) | D13: Aucun moyen de détection
A15: [Barèmes indicatifs : à adapter au domaine (produit, processus, logiciel).]

Sheet Seuils
A1: Seuils de criticité (modifiables)
A2: Seuil | B2: Valeur | C2: Signification
A3: Seuil « à surveiller » | B3: 100 | C3: C ≥ valeur : orange
A4: Seuil « action obligatoire » | B4: 200 | C4: C ≥ valeur : rouge

Sheet Synthèse
A1: Synthèse AMDEC
A3: Indicateur | B3: Avant action | C3: Après action
A4: Modes de défaillance cotés | B4: =COUNT(AMDEC!J4:J103) | C4: =COUNT(AMDEC!Q4:Q103)
A5: Criticité maximale | B5: =IF(COUNT(AMDEC!J4:J103)=0,0,MAX(AMDEC!J4:J103)) | C5: =IF(COUNT(AMDEC!Q4:Q103)=0,0,MAX(AMDEC!Q4:Q103))
A6: Criticité moyenne | B6: =IF(COUNT(AMDEC!J4:J103)=0,0,AVERAGE(AMDEC!J4:J103)) | C6: =IF(COUNT(AMDEC!Q4:Q103)=0,0,AVERAGE(AMDEC!Q4:Q103))
A7: Nb critiques (≥ seuil action) | B7: =COUNTIF(AMDEC!J4:J103,">="&Seuils!B4) | C7: =COUNTIF(AMDEC!Q4:Q103,">="&Seuils!B4)
A8: Nb à surveiller | B8: =COUNTIFS(AMDEC!J4:J103,">="&Seuils!B3,AMDEC!J4:J103,"<"&Seuils!B4) | C8: =COUNTIFS(AMDEC!Q4:Q103,">="&Seuils!B3,AMDEC!Q4:Q103,"<"&Seuils!B4)
A9: Nb acceptables | B9: =COUNTIF(AMDEC!J4:J103,"<"&Seuils!B3) | C9: =COUNTIF(AMDEC!Q4:Q103,"<"&Seuils!B3)
A10: Somme des criticités | B10: =SUM(AMDEC!J4:J103) | C10: =SUM(AMDEC!Q4:Q103)
A11: Réduction globale de criticité | B11: =IF(B10=0,0,(B10-C10)/B10)
A12: Critiques sans action définie | B12: =COUNTIFS(AMDEC!J4:J103,">="&Seuils!B4,AMDEC!K4:K103,"")
