Workbook

Sheet Mode d'emploi
A1: Mode d'emploi
A3: Objet :
A4: Relier chaque exigence du cahier des charges à sa conception, ses tests et son statut.
A5: Saisie :
A6: 1. Onglet Traçabilité : une ligne par couple exigence/test (lignes 4 à 203).
A7: 2. Priorité, Résultat test et Statut se choisissent dans les listes déroulantes.
A8: 3. La colonne « Couvert ? » est calculée : Oui si conception ET test renseignés. Ne pas la saisir.
A9: Lecture :
A10: Onglet Synthèse : taux de couverture et % validé par priorité MoSCoW (COUNTIFS).
A11: Couleurs : vert = validé, orange = en cours, rouge = rejeté.
A12: Attention :
A13: Si une exigence a plusieurs tests (plusieurs lignes), elle est comptée plusieurs fois dans la synthèse.

Sheet Traçabilité
A1: Matrice de traçabilité des exigences
A3: ID exigence | B3: Exigence | C3: Priorité | D3: Source (CDC §) | E3: Élément de conception | F3: ID test | G3: Description du test | H3: Résultat test | I3: Statut | J3: Couvert ? | K3: Commentaire
A4: EF-001 | B4: [Le système doit …] | C4: M | D4: §5 | E4: [Module A] | F4: T-001 | G4: [Cas nominal] | H4: Réussi | I4: Validé | J4: =IF(A4="","",IF(AND(E4<>"",F4<>""),"Oui","Non"))
A5: EF-002 | B5: […] | C5: S | D5: §5 | E5: [Module B] | F5: T-002 | G5: […] | H5: Échoué | I5: En cours | J5: =IF(A5="","",IF(AND(E5<>"",F5<>""),"Oui","Non"))
A6: ENF-001 | B6: [Temps de réponse < 2 s] | C6: M | D6: §6 | H6: Non exécuté | I6: À faire | J6: =IF(A6="","",IF(AND(E6<>"",F6<>""),"Oui","Non"))
J7: =IF(A7="","",IF(AND(E7<>"",F7<>""),"Oui","Non"))
J8: =IF(A8="","",IF(AND(E8<>"",F8<>""),"Oui","Non"))
J9: =IF(A9="","",IF(AND(E9<>"",F9<>""),"Oui","Non"))
J10: =IF(A10="","",IF(AND(E10<>"",F10<>""),"Oui","Non"))
J11: =IF(A11="","",IF(AND(E11<>"",F11<>""),"Oui","Non"))
J12: =IF(A12="","",IF(AND(E12<>"",F12<>""),"Oui","Non"))
J13: =IF(A13="","",IF(AND(E13<>"",F13<>""),"Oui","Non"))
J14: =IF(A14="","",IF(AND(E14<>"",F14<>""),"Oui","Non"))
J15: =IF(A15="","",IF(AND(E15<>"",F15<>""),"Oui","Non"))
J16: =IF(A16="","",IF(AND(E16<>"",F16<>""),"Oui","Non"))
J17: =IF(A17="","",IF(AND(E17<>"",F17<>""),"Oui","Non"))
J18: =IF(A18="","",IF(AND(E18<>"",F18<>""),"Oui","Non"))
... J203: =IF(A203="","",IF(AND(E203<>"",F203<>""),"Oui","Non"))

Sheet Synthèse
A1: Synthèse de couverture et de validation
A3: Nombre d'exigences | B3: =COUNTA('Traçabilité'!A4:A203)
A4: Exigences couvertes (conception + test) | B4: =COUNTIF('Traçabilité'!J4:J203,"Oui")
A5: Taux de couverture | B5: =IF(B3=0,0,B4/B3)
A6: Exigences validées | B6: =COUNTIF('Traçabilité'!I4:I203,"Validé")
A7: Taux de validation global | B7: =IF(B3=0,0,B6/B3)
A9: Priorité | B9: Total | C9: Validées | D9: % validé | E9: Couvertes | F9: % couvert
A10: M | B10: =COUNTIFS('Traçabilité'!C4:C203,A10,'Traçabilité'!A4:A203,"<>") | C10: =COUNTIFS('Traçabilité'!C4:C203,A10,'Traçabilité'!I4:I203,"Validé") | D10: =IF(B10=0,0,C10/B10) | E10: =COUNTIFS('Traçabilité'!C4:C203,A10,'Traçabilité'!J4:J203,"Oui") | F10: =IF(B10=0,0,E10/B10)
A11: S | B11: =COUNTIFS('Traçabilité'!C4:C203,A11,'Traçabilité'!A4:A203,"<>") | C11: =COUNTIFS('Traçabilité'!C4:C203,A11,'Traçabilité'!I4:I203,"Validé") | D11: =IF(B11=0,0,C11/B11) | E11: =COUNTIFS('Traçabilité'!C4:C203,A11,'Traçabilité'!J4:J203,"Oui") | F11: =IF(B11=0,0,E11/B11)
A12: C | B12: =COUNTIFS('Traçabilité'!C4:C203,A12,'Traçabilité'!A4:A203,"<>") | C12: =COUNTIFS('Traçabilité'!C4:C203,A12,'Traçabilité'!I4:I203,"Validé") | D12: =IF(B12=0,0,C12/B12) | E12: =COUNTIFS('Traçabilité'!C4:C203,A12,'Traçabilité'!J4:J203,"Oui") | F12: =IF(B12=0,0,E12/B12)
A13: W | B13: =COUNTIFS('Traçabilité'!C4:C203,A13,'Traçabilité'!A4:A203,"<>") | C13: =COUNTIFS('Traçabilité'!C4:C203,A13,'Traçabilité'!I4:I203,"Validé") | D13: =IF(B13=0,0,C13/B13) | E13: =COUNTIFS('Traçabilité'!C4:C203,A13,'Traçabilité'!J4:J203,"Oui") | F13: =IF(B13=0,0,E13/B13)
