Workbook

Sheet Mode d'emploi
A1: Registre des risques — mode d'emploi
A3: 1. Onglet « Risques » : une ligne par risque (jusqu'à la ligne 200). Les colonnes Catégorie, Probabilité, Impact et Statut ont des listes déroulantes.
A4: 2. Probabilité et Impact : 1 (très faible) à 5 (très fort). La criticité (P × I) est calculée automatiquement.
A5: 3. Couleurs de criticité : 1-4 vert (faible), 5-9 jaune (modéré), 10-14 orange (élevé), 15-25 rouge (critique).
A6: 4. Échéance : passe en rouge si dépassée et risque non clos.
A7: 5. Onglet « Matrice » : nombre de risques ouverts (statut ≠ Clos) par case Probabilité × Impact.
A8: 6. Onglet « Synthèse » : comptages par niveau, statut et catégorie. Ne modifiez pas les cellules de formule.
A10: Données d'exemple anonymisées : remplacez-les par les vôtres.

Sheet Risques
A1: ID | B1: Description | C1: Cause | D1: Conséquence | E1: Catégorie | F1: Propriétaire | G1: Probabilité (1-5) | H1: Impact (1-5) | I1: Criticité (P×I) | J1: Niveau | K1: Statut | L1: Plan d'action | M1: Échéance
A2: R-001 | B2: Retard de livraison d'un fournisseur clé | C2: Capacité fournisseur limitée | D2: Décalage du planning | E2: Fournisseur | F2: Personne A | G2: 3 | H2: 4 | I2: =IF(AND(ISNUMBER(G2),ISNUMBER(H2)),G2*H2,"") | J2: =IF(I2="","",IF(I2>=15,"Critique",IF(I2>=10,"Élevé",IF(I2>=5,"Modéré","Faible")))) | K2: Ouvert | L2: Identifier un fournisseur de secours | M2: 46348
A3: R-002 | B3: Départ d'un expert technique | C3: Marché tendu | D3: Perte de compétences | E3: Ressources | F3: Personne B | G3: 2 | H3: 5 | I3: =IF(AND(ISNUMBER(G3),ISNUMBER(H3)),G3*H3,"") | J3: =IF(I3="","",IF(I3>=15,"Critique",IF(I3>=10,"Élevé",IF(I3>=5,"Modéré","Faible")))) | K3: En traitement | L3: Documenter et former un binôme | M3: 46373
A4: R-003 | B4: Dépassement du budget matériel | C4: Hausse des prix | D4: Surcoût | E4: Financier | F4: Personne C | G4: 4 | H4: 3 | I4: =IF(AND(ISNUMBER(G4),ISNUMBER(H4)),G4*H4,"") | J4: =IF(I4="","",IF(I4>=15,"Critique",IF(I4>=10,"Élevé",IF(I4>=5,"Modéré","Faible")))) | K4: Ouvert | L4: Négocier un prix ferme | M4: 46323
A5: R-004 | B5: Exigences mal comprises | C5: Cahier des charges incomplet | D5: Reprises | E5: Technique | F5: Personne A | G5: 2 | H5: 2 | I5: =IF(AND(ISNUMBER(G5),ISNUMBER(H5)),G5*H5,"") | J5: =IF(I5="","",IF(I5>=15,"Critique",IF(I5>=10,"Élevé",IF(I5>=5,"Modéré","Faible")))) | K5: Clos | L5: Atelier de validation | M5: 46298
I6: =IF(AND(ISNUMBER(G6),ISNUMBER(H6)),G6*H6,"") | J6: =IF(I6="","",IF(I6>=15,"Critique",IF(I6>=10,"Élevé",IF(I6>=5,"Modéré","Faible"))))
I7: =IF(AND(ISNUMBER(G7),ISNUMBER(H7)),G7*H7,"") | J7: =IF(I7="","",IF(I7>=15,"Critique",IF(I7>=10,"Élevé",IF(I7>=5,"Modéré","Faible"))))
I8: =IF(AND(ISNUMBER(G8),ISNUMBER(H8)),G8*H8,"") | J8: =IF(I8="","",IF(I8>=15,"Critique",IF(I8>=10,"Élevé",IF(I8>=5,"Modéré","Faible"))))
I9: =IF(AND(ISNUMBER(G9),ISNUMBER(H9)),G9*H9,"") | J9: =IF(I9="","",IF(I9>=15,"Critique",IF(I9>=10,"Élevé",IF(I9>=5,"Modéré","Faible"))))
I10: =IF(AND(ISNUMBER(G10),ISNUMBER(H10)),G10*H10,"") | J10: =IF(I10="","",IF(I10>=15,"Critique",IF(I10>=10,"Élevé",IF(I10>=5,"Modéré","Faible"))))
I11: =IF(AND(ISNUMBER(G11),ISNUMBER(H11)),G11*H11,"") | J11: =IF(I11="","",IF(I11>=15,"Critique",IF(I11>=10,"Élevé",IF(I11>=5,"Modéré","Faible"))))
I12: =IF(AND(ISNUMBER(G12),ISNUMBER(H12)),G12*H12,"") | J12: =IF(I12="","",IF(I12>=15,"Critique",IF(I12>=10,"Élevé",IF(I12>=5,"Modéré","Faible"))))
I13: =IF(AND(ISNUMBER(G13),ISNUMBER(H13)),G13*H13,"") | J13: =IF(I13="","",IF(I13>=15,"Critique",IF(I13>=10,"Élevé",IF(I13>=5,"Modéré","Faible"))))
I14: =IF(AND(ISNUMBER(G14),ISNUMBER(H14)),G14*H14,"") | J14: =IF(I14="","",IF(I14>=15,"Critique",IF(I14>=10,"Élevé",IF(I14>=5,"Modéré","Faible"))))
I15: =IF(AND(ISNUMBER(G15),ISNUMBER(H15)),G15*H15,"") | J15: =IF(I15="","",IF(I15>=15,"Critique",IF(I15>=10,"Élevé",IF(I15>=5,"Modéré","Faible"))))
I16: =IF(AND(ISNUMBER(G16),ISNUMBER(H16)),G16*H16,"") | J16: =IF(I16="","",IF(I16>=15,"Critique",IF(I16>=10,"Élevé",IF(I16>=5,"Modéré","Faible"))))
I17: =IF(AND(ISNUMBER(G17),ISNUMBER(H17)),G17*H17,"") | J17: =IF(I17="","",IF(I17>=15,"Critique",IF(I17>=10,"Élevé",IF(I17>=5,"Modéré","Faible"))))
... I200: =IF(AND(ISNUMBER(G200),ISNUMBER(H200)),G200*H200,"") | J200: =IF(I200="","",IF(I200>=15,"Critique",IF(I200>=10,"Élevé",IF(I200>=5,"Modéré","Faible"))))

Sheet Matrice
A1: Matrice Probabilité × Impact (risques non clos)
B3: Impact →
A4: Probabilité ↓ | C4: 1 | D4: 2 | E4: 3 | F4: 4 | G4: 5
B5: 5 | C5: =COUNTIFS(Risques!$G$2:$G$200,$B5,Risques!$H$2:$H$200,C$4,Risques!$K$2:$K$200,"<>Clos") | D5: =COUNTIFS(Risques!$G$2:$G$200,$B5,Risques!$H$2:$H$200,D$4,Risques!$K$2:$K$200,"<>Clos") | E5: =COUNTIFS(Risques!$G$2:$G$200,$B5,Risques!$H$2:$H$200,E$4,Risques!$K$2:$K$200,"<>Clos") | F5: =COUNTIFS(Risques!$G$2:$G$200,$B5,Risques!$H$2:$H$200,F$4,Risques!$K$2:$K$200,"<>Clos") | G5: =COUNTIFS(Risques!$G$2:$G$200,$B5,Risques!$H$2:$H$200,G$4,Risques!$K$2:$K$200,"<>Clos")
B6: 4 | C6: =COUNTIFS(Risques!$G$2:$G$200,$B6,Risques!$H$2:$H$200,C$4,Risques!$K$2:$K$200,"<>Clos") | D6: =COUNTIFS(Risques!$G$2:$G$200,$B6,Risques!$H$2:$H$200,D$4,Risques!$K$2:$K$200,"<>Clos") | E6: =COUNTIFS(Risques!$G$2:$G$200,$B6,Risques!$H$2:$H$200,E$4,Risques!$K$2:$K$200,"<>Clos") | F6: =COUNTIFS(Risques!$G$2:$G$200,$B6,Risques!$H$2:$H$200,F$4,Risques!$K$2:$K$200,"<>Clos") | G6: =COUNTIFS(Risques!$G$2:$G$200,$B6,Risques!$H$2:$H$200,G$4,Risques!$K$2:$K$200,"<>Clos")
B7: 3 | C7: =COUNTIFS(Risques!$G$2:$G$200,$B7,Risques!$H$2:$H$200,C$4,Risques!$K$2:$K$200,"<>Clos") | D7: =COUNTIFS(Risques!$G$2:$G$200,$B7,Risques!$H$2:$H$200,D$4,Risques!$K$2:$K$200,"<>Clos") | E7: =COUNTIFS(Risques!$G$2:$G$200,$B7,Risques!$H$2:$H$200,E$4,Risques!$K$2:$K$200,"<>Clos") | F7: =COUNTIFS(Risques!$G$2:$G$200,$B7,Risques!$H$2:$H$200,F$4,Risques!$K$2:$K$200,"<>Clos") | G7: =COUNTIFS(Risques!$G$2:$G$200,$B7,Risques!$H$2:$H$200,G$4,Risques!$K$2:$K$200,"<>Clos")
B8: 2 | C8: =COUNTIFS(Risques!$G$2:$G$200,$B8,Risques!$H$2:$H$200,C$4,Risques!$K$2:$K$200,"<>Clos") | D8: =COUNTIFS(Risques!$G$2:$G$200,$B8,Risques!$H$2:$H$200,D$4,Risques!$K$2:$K$200,"<>Clos") | E8: =COUNTIFS(Risques!$G$2:$G$200,$B8,Risques!$H$2:$H$200,E$4,Risques!$K$2:$K$200,"<>Clos") | F8: =COUNTIFS(Risques!$G$2:$G$200,$B8,Risques!$H$2:$H$200,F$4,Risques!$K$2:$K$200,"<>Clos") | G8: =COUNTIFS(Risques!$G$2:$G$200,$B8,Risques!$H$2:$H$200,G$4,Risques!$K$2:$K$200,"<>Clos")
B9: 1 | C9: =COUNTIFS(Risques!$G$2:$G$200,$B9,Risques!$H$2:$H$200,C$4,Risques!$K$2:$K$200,"<>Clos") | D9: =COUNTIFS(Risques!$G$2:$G$200,$B9,Risques!$H$2:$H$200,D$4,Risques!$K$2:$K$200,"<>Clos") | E9: =COUNTIFS(Risques!$G$2:$G$200,$B9,Risques!$H$2:$H$200,E$4,Risques!$K$2:$K$200,"<>Clos") | F9: =COUNTIFS(Risques!$G$2:$G$200,$B9,Risques!$H$2:$H$200,F$4,Risques!$K$2:$K$200,"<>Clos") | G9: =COUNTIFS(Risques!$G$2:$G$200,$B9,Risques!$H$2:$H$200,G$4,Risques!$K$2:$K$200,"<>Clos")
A11: Total risques non clos : | C11: =SUM(C5:G9)

Sheet Synthèse
A1: Synthèse des risques
A3: Indicateur | B3: Valeur
A4: Nombre total de risques | B4: =COUNTA(Risques!A2:A200)
A5: Risques non clos | B5: =COUNTIFS(Risques!A2:A200,"<>",Risques!K2:K200,"<>Clos")
A6: Critiques (≥15) | B6: =COUNTIF(Risques!J2:J200,"Critique")
A7: Élevés (10-14) | B7: =COUNTIF(Risques!J2:J200,"Élevé")
A8: Modérés (5-9) | B8: =COUNTIF(Risques!J2:J200,"Modéré")
A9: Faibles (1-4) | B9: =COUNTIF(Risques!J2:J200,"Faible")
A10: Criticité moyenne | B10: =IFERROR(AVERAGE(Risques!I2:I200),0)
A11: Échéances dépassées (non clos) | B11: =COUNTIFS(Risques!M2:M200,"<"&TODAY(),Risques!K2:K200,"<>Clos")
A12: Statut : Ouvert | B12: =COUNTIF(Risques!K2:K200,"Ouvert")
A13: Statut : En traitement | B13: =COUNTIF(Risques!K2:K200,"En traitement")
A14: Statut : Clos | B14: =COUNTIF(Risques!K2:K200,"Clos")
A15: Catégorie : Technique | B15: =COUNTIF(Risques!E2:E200,"Technique")
A16: Catégorie : Planning | B16: =COUNTIF(Risques!E2:E200,"Planning")
A17: Catégorie : Financier | B17: =COUNTIF(Risques!E2:E200,"Financier")
A18: Catégorie : Ressources | B18: =COUNTIF(Risques!E2:E200,"Ressources")
A19: Catégorie : Fournisseur | B19: =COUNTIF(Risques!E2:E200,"Fournisseur")
A20: Catégorie : Juridique | B20: =COUNTIF(Risques!E2:E200,"Juridique")
A21: Catégorie : Qualité | B21: =COUNTIF(Risques!E2:E200,"Qualité")
