Workbook

Sheet Mode d'emploi
A1: Tableau de bord projets — mode d'emploi
A3: 1. Onglet « Projets » : une ligne par projet. Météo, Phase et Priorité via listes déroulantes.
A4: 2. Météo : Soleil (tout va bien), Nuage (vigilance), Orage (en difficulté).
A5: 3. Avancement en % (0 à 100 %), budgets en euros. Écart, % consommé et indicateur sont calculés.
A6: 4. Indicateur budget : « Dérive » si le % consommé dépasse l'avancement de plus de 10 points.
A7: 5. Onglet « Synthèse » : totaux, répartition par météo et graphique budget prévu / consommé.
A9: Données d'exemple anonymisées : remplacez-les par les vôtres.

Sheet Projets
A1: Projet | B1: Chef de projet | C1: Phase | D1: Priorité | E1: Météo | F1: Avancement % | G1: Budget prévu (€) | H1: Budget consommé (€) | I1: Écart (€) | J1: % consommé | K1: Indicateur budget | L1: Date de fin prévue | M1: Commentaire
A2: Projet A | B2: Personne A | C2: Réalisation | D2: Haute | E2: Soleil | F2: 0.6 | G2: 120000 | H2: 65000 | I2: =IF(G2="","",G2-H2) | J2: =IF(OR(G2="",G2=0),"",H2/G2) | K2: =IF(J2="","",IF(H2>G2,"Dépassement",IF(J2-F2>0.1,"Dérive","Maîtrisé"))) | L2: 46477 | M2: Conforme
A3: Projet B | B3: Personne B | C3: Conception | D3: Moyenne | E3: Nuage | F3: 0.3 | G3: 80000 | H3: 40000 | I3: =IF(G3="","",G3-H3) | J3: =IF(OR(G3="",G3=0),"",H3/G3) | K3: =IF(J3="","",IF(H3>G3,"Dépassement",IF(J3-F3>0.1,"Dérive","Maîtrisé"))) | L3: 46568 | M3: Ressource manquante
A4: Projet C | B4: Personne C | C4: Recette | D4: Haute | E4: Orage | F4: 0.8 | G4: 50000 | H4: 61000 | I4: =IF(G4="","",G4-H4) | J4: =IF(OR(G4="",G4=0),"",H4/G4) | K4: =IF(J4="","",IF(H4>G4,"Dépassement",IF(J4-F4>0.1,"Dérive","Maîtrisé"))) | L4: 46371 | M4: Surcoût fournisseur
A5: Projet D | B5: Personne A | C5: Cadrage | D5: Basse | E5: Soleil | F5: 0.1 | G5: 30000 | H5: 2000 | I5: =IF(G5="","",G5-H5) | J5: =IF(OR(G5="",G5=0),"",H5/G5) | K5: =IF(J5="","",IF(H5>G5,"Dépassement",IF(J5-F5>0.1,"Dérive","Maîtrisé"))) | L5: 46660
I6: =IF(G6="","",G6-H6) | J6: =IF(OR(G6="",G6=0),"",H6/G6) | K6: =IF(J6="","",IF(H6>G6,"Dépassement",IF(J6-F6>0.1,"Dérive","Maîtrisé")))
I7: =IF(G7="","",G7-H7) | J7: =IF(OR(G7="",G7=0),"",H7/G7) | K7: =IF(J7="","",IF(H7>G7,"Dépassement",IF(J7-F7>0.1,"Dérive","Maîtrisé")))
I8: =IF(G8="","",G8-H8) | J8: =IF(OR(G8="",G8=0),"",H8/G8) | K8: =IF(J8="","",IF(H8>G8,"Dépassement",IF(J8-F8>0.1,"Dérive","Maîtrisé")))
I9: =IF(G9="","",G9-H9) | J9: =IF(OR(G9="",G9=0),"",H9/G9) | K9: =IF(J9="","",IF(H9>G9,"Dépassement",IF(J9-F9>0.1,"Dérive","Maîtrisé")))
I10: =IF(G10="","",G10-H10) | J10: =IF(OR(G10="",G10=0),"",H10/G10) | K10: =IF(J10="","",IF(H10>G10,"Dépassement",IF(J10-F10>0.1,"Dérive","Maîtrisé")))
I11: =IF(G11="","",G11-H11) | J11: =IF(OR(G11="",G11=0),"",H11/G11) | K11: =IF(J11="","",IF(H11>G11,"Dépassement",IF(J11-F11>0.1,"Dérive","Maîtrisé")))
I12: =IF(G12="","",G12-H12) | J12: =IF(OR(G12="",G12=0),"",H12/G12) | K12: =IF(J12="","",IF(H12>G12,"Dépassement",IF(J12-F12>0.1,"Dérive","Maîtrisé")))
I13: =IF(G13="","",G13-H13) | J13: =IF(OR(G13="",G13=0),"",H13/G13) | K13: =IF(J13="","",IF(H13>G13,"Dépassement",IF(J13-F13>0.1,"Dérive","Maîtrisé")))
I14: =IF(G14="","",G14-H14) | J14: =IF(OR(G14="",G14=0),"",H14/G14) | K14: =IF(J14="","",IF(H14>G14,"Dépassement",IF(J14-F14>0.1,"Dérive","Maîtrisé")))
I15: =IF(G15="","",G15-H15) | J15: =IF(OR(G15="",G15=0),"",H15/G15) | K15: =IF(J15="","",IF(H15>G15,"Dépassement",IF(J15-F15>0.1,"Dérive","Maîtrisé")))
I16: =IF(G16="","",G16-H16) | J16: =IF(OR(G16="",G16=0),"",H16/G16) | K16: =IF(J16="","",IF(H16>G16,"Dépassement",IF(J16-F16>0.1,"Dérive","Maîtrisé")))
I17: =IF(G17="","",G17-H17) | J17: =IF(OR(G17="",G17=0),"",H17/G17) | K17: =IF(J17="","",IF(H17>G17,"Dépassement",IF(J17-F17>0.1,"Dérive","Maîtrisé")))
... I51: =IF(G51="","",G51-H51) | J51: =IF(OR(G51="",G51=0),"",H51/G51) | K51: =IF(J51="","",IF(H51>G51,"Dépassement",IF(J51-F51>0.1,"Dérive","Maîtrisé")))

Sheet Synthèse
A1: Synthèse du portefeuille
A3: Indicateur | B3: Valeur
A4: Nombre de projets | B4: =COUNTA(Projets!$A$2:$A$51)
A5: Budget prévu total | B5: =SUM(Projets!G2:G51)
A6: Budget consommé total | B6: =SUM(Projets!H2:H51)
A7: Écart total | B7: =B5-B6
A8: % budget consommé | B8: =IF(B5=0,0,B6/B5)
A9: Avancement moyen | B9: =IFERROR(AVERAGE(Projets!F2:F51),0)
A10: Avancement pondéré par budget | B10: =IF(B5=0,0,SUMPRODUCT(Projets!F2:F51,Projets!G2:G51)/B5)
A11: Projets en dépassement | B11: =COUNTIF(Projets!K2:K51,"Dépassement")
A12: Météo Soleil | B12: =COUNTIF(Projets!E2:E51,"Soleil")
A13: Météo Nuage | B13: =COUNTIF(Projets!E2:E51,"Nuage")
A14: Météo Orage | B14: =COUNTIF(Projets!E2:E51,"Orage")
